Workbook

Sheet מנוע
A1: מנוע קטן לבחירת תמהיל — סדנה 8.28 (פתור)
A2: דוגמה לימודית — נתוני הלקוח והריביות להמחשה בלבד; אינם הצעת בנק או נתוני שוק עדכניים. נתונים סינתטיים. עתיד: זה לא קוד של Mogi.
A4: נתוני התיק (סינתטיים, מתוך התיק של השלב) | E4: הצעת בנק לדוגמה, מול אומדן
A5: מחיר הנכס (₪) | B5: 2200000 | E5: בנק ההצעה | F5: b
A6: ההון העצמי של הבסיס (₪) | B6: 560000 | E6: חלק קבועה % | F6: 50
A7: חסכונות (₪) | B7: 40000 | E7: חלק פריים % | F7: 50
A8: תשלום לסגירת הלוואת הרכב (₪) | B8: 36000 | E8: חלק משתנה % | F8: 0
A9: החזר חודשי של הלוואת הרכב (₪) | B9: 1450 | E9: ריבית קבועה בהצעה (%) | F9: 4.35
A10: חודשים שנשארו להלוואת הרכב | B10: 26 | E10: ריבית פריים בהצעה (%) | F10: 4.65
A11: הכנסה נטו של לווה 1 (₪) | B11: 12400 | E11: ריבית משתנה בהצעה (%) | F11: 0
A12: הכנסה נטו של לווה 2 (₪) | B12: 9300
A13: הכנסת הורה, אם מצטרף (₪) | B13: 4000 | E13: אומדן: ההחזר הראשון (₪) | F13: =IF($F$6>0,ROUND(-PMT(INDEX($C$28:$C$31,MATCH($F$5,$A$28:$A$31,0))/1200,$B$39,ROUND(($B$5-$B$6)*$F$6/100,2)),2),0)+IF($F$7>0,ROUND(-PMT(INDEX($D$28:$D$31,MATCH($F$5,$A$28:$A$31,0))/1200,$B$39,ROUND(($B$5-$B$6)*$F$7/100,2)),2),0)+IF($F$8>0,ROUND(-PMT(INDEX($E$28:$E$31,MATCH($F$5,$A$28:$A$31,0))/1200,$B$39,ROUND(($B$5-$B$6)*$F$8/100,2)),2),0) -> 8310.78
A14: ההחזר המרבי שהלקוח קבע (₪) | B14: 8300 | E14: הצעה: ההחזר הראשון (₪) | F14: =IF($F$6>0,ROUND(-PMT($F$9/1200,$B$39,ROUND(($B$5-$B$6)*$F$6/100,2)),2),0)+IF($F$7>0,ROUND(-PMT($F$10/1200,$B$39,ROUND(($B$5-$B$6)*$F$7/100,2)),2),0)+IF($F$8>0,ROUND(-PMT($F$11/1200,$B$39,ROUND(($B$5-$B$6)*$F$8/100,2)),2),0) -> 8310.28
A15: יעד יחס ההחזר של הלקוח (%) | B15: 40 | E15: הפער בהחזר הראשון (₪) | F15: =F14-F13 -> -0.5
E16: אומדן: סך התשלומים (₪) | F16: =(IF($F$6>0,-PMT(INDEX($C$28:$C$31,MATCH($F$5,$A$28:$A$31,0))/1200,$B$39,ROUND(($B$5-$B$6)*$F$6/100,2)),0)+IF($F$7>0,-PMT(INDEX($D$28:$D$31,MATCH($F$5,$A$28:$A$31,0))/1200,$B$39,ROUND(($B$5-$B$6)*$F$7/100,2)),0)+IF($F$8>0,-PMT(INDEX($E$28:$E$31,MATCH($F$5,$A$28:$A$31,0))/1200,$B$39,ROUND(($B$5-$B$6)*$F$8/100,2)),0))*$B$39 -> 2991879.3
A17: הבחירות שלכם — מיצוב הבקשה (שנו כאן) | E17: הצעה: סך התשלומים (₪) | F17: =(IF($F$6>0,-PMT($F$9/1200,$B$39,ROUND(($B$5-$B$6)*$F$6/100,2)),0)+IF($F$7>0,-PMT($F$10/1200,$B$39,ROUND(($B$5-$B$6)*$F$7/100,2)),0)+IF($F$8>0,-PMT($F$11/1200,$B$39,ROUND(($B$5-$B$6)*$F$8/100,2)),0))*$B$39 -> 2991700.3
A18: הון עצמי נוסף מהחסכונות (₪) | B18: 20000 | C18: הערך ההתחלתי הוא הבחירה של שיעור 8.28 | E18: הפער בסך התשלומים (₪) | F18: =F17-F16 -> -179.03945
A19: סוגרים את הלוואת הרכב? (1 כן, 0 לא) | B19: 0
A20: הורה מצטרף כלווה? (1 כן, 0 לא) | B20: 0
A21: בנק (a, b, c או d) | B21: a | C21: ארבעה בנקים בדויים
A22: משקל: ההחזר הראשון | B22: 40 | C22: להדגמה: לא החלטה של Mogi
A23: משקל: סך התשלומים | B23: 30
A24: משקל: החשיפה | B24: 30
A26: הבנקים הבדויים: מחירון (אחוז לשנה) וקווי סירוב
A27: קוד | B27: שם | C27: קבועה | D27: פריים | E27: משתנה | F27: סירוב ביחס החזר (%) | G27: סירוב בשיעור מימון (%)
A28: a | B28: בנק א׳ | C28: 4.4 | D28: 4.6 | E28: 4.1 | F28: 45 | G28: 75
A29: b | B29: בנק ב׳ | C29: 4.3 | D29: 4.7 | E29: 4 | F29: 50 | G29: 75
A30: c | B30: בנק ג׳ | C30: 4.35 | D30: 4.55 | E30: 4.2 | F30: 50 | G30: 75
A31: d | B31: בנק ד׳ | C31: 4.45 | D31: 4.65 | E31: 4.15 | F31: 50 | G31: 70
A33: הכללים (כפי שתועדו בקורס; הקווים של הרגולציה: לא אומת)
A34: תקרת שיעור מימון (%) | B34: 75
A35: תקרת יחס ההחזר (%) | B35: 50
A36: החלק המרבי בריבית משתנה: מונה | B36: 2
A37: החלק המרבי בריבית משתנה: מכנה | B37: 3
A38: התקופה המרבית (חודשים) | B38: 360
A39: התקופה של כל מסלול בחיפוש (חודשים) | B39: 360
A40: תרחיש לחץ: פריים עולה (נקודות אחוז, מהשנה השנייה) | B40: 2
A41: תרחיש לחץ: העוגן עולה בעדכון (נקודות אחוז) | B41: 2
A42: חודשים בין עדכוני הריבית במסלול משתנה | B42: 60
A44: מיצוב: מהבחירות לבקשה
A45: ההון העצמי שנכנס לעסקה (₪) | B45: =$B$6+$B$18 -> 580000
A46: ההון העצמי הזמין (₪) | B46: =$B$6+MAX($B$7-IF($B$19=1,$B$8,0),0) -> 600000
A47: סכום ההלוואה (₪) | B47: =$B$5-$B$45 -> 1620000
A48: שיעור מימון (%) | B48: =$B$47/$B$5*100 -> 73.636364
A49: הכנסה מוכרת (₪) | B49: =$B$11+$B$12+IF($B$20=1,$B$13,0) -> 21700
A50: הלוואת הרכב נספרת בחישוב (₪, כשנשארו מעל 18 חודשים) | B50: =IF(AND($B$19=0,$B$10>18),$B$9,0) -> 1450
A51: הכנסה פנויה (₪) | B51: =$B$49-$B$50 -> 20250
A52: מחירון הבנק: קבועה (%) | B52: =INDEX($C$28:$C$31,MATCH($B$21,$A$28:$A$31,0)) -> 4.4
A53: מחירון הבנק: פריים (%) | B53: =INDEX($D$28:$D$31,MATCH($B$21,$A$28:$A$31,0)) -> 4.6
A54: מחירון הבנק: משתנה (%) | B54: =INDEX($E$28:$E$31,MATCH($B$21,$A$28:$A$31,0)) -> 4.1
A55: קו הסירוב של הבנק ביחס החזר (%) | B55: =INDEX($F$28:$F$31,MATCH($B$21,$A$28:$A$31,0)) -> 45
A56: קו הסירוב של הבנק בשיעור מימון (%) | B56: =INDEX($G$28:$G$31,MATCH($B$21,$A$28:$A$31,0)) -> 75
A58: תוצאות החיפוש
A59: כמה מועמדים ברשת | B59: =COUNTA($A$89:$A$154) -> 66
A60: כמה מהם אפשריים | B60: =SUM($AC$89:$AC$154) -> 14
A61: כמה מהם יעילים | B61: =SUM($AE$89:$AE$154) -> 6
A62: המועמד שנבחר | B62: =IFERROR(INDEX($A$89:$A$154,MATCH(1,$AM$89:$AM$154,0)),"אין מועמד אפשרי") -> g40-0-60
A63: ההחזר הראשון שלו (₪) | B63: =IFERROR(INDEX($K$89:$K$154,MATCH(1,$AM$89:$AM$154,0)),"") -> 7941.62
A64: סך התשלומים שלו (₪) | B64: =IFERROR(INDEX($M$89:$M$154,MATCH(1,$AM$89:$AM$154,0)),"") -> 2858982.8
A65: החשיפה שלו (₪) | B65: =IFERROR(INDEX($O$89:$O$154,MATCH(1,$AM$89:$AM$154,0)),"") -> 1030.7318
A66: המקום השני | B66: =IFERROR(INDEX($A$89:$A$154,MATCH(2,$AM$89:$AM$154,0)),"אין") -> g50-0-50
A67: ההפרש בהחזר הראשון: השני פחות הנבחר (₪) | B67: =IFERROR(INDEX($K$89:$K$154,MATCH(2,$AM$89:$AM$154,0))-$B$63,"") -> 28.45
A68: ההפרש בסך התשלומים (₪) | B68: =IFERROR(INDEX($M$89:$M$154,MATCH(2,$AM$89:$AM$154,0))-$B$64,"") -> 10242.473
A69: ההפרש בחשיפה (₪) | B69: =IFERROR(INDEX($O$89:$O$154,MATCH(2,$AM$89:$AM$154,0))-$B$65,"") -> -171.78751
A71: למה נפסלו מועמדים: כמה נפסלו בכל אילוץ
A72: סכום המסלולים שווה להלוואה | B72: =SUM($R$89:$R$154) -> 0
A73: ההון העצמי קיים | B73: =SUM($S$89:$S$154) -> 0
A74: שיעור מימון עד התקרה | B74: =SUM($T$89:$T$154) -> 0
A75: יחס החזר עד 50% | B75: =SUM($U$89:$U$154) -> 0
A76: לפחות שליש בריבית קבועה | B76: =SUM($V$89:$V$154) -> 38
A77: עד 30 שנה | B77: =SUM($W$89:$W$154) -> 0
A78: יחס ההחזר עד הקו של הבנק | B78: =SUM($X$89:$X$154) -> 0
A79: שיעור המימון עד הקו של הבנק | B79: =SUM($Y$89:$Y$154) -> 0
A80: ההחזר עד המרבי שהלקוח קבע | B80: =SUM($Z$89:$Z$154) -> 1
A81: יחס ההחזר עד יעד הלקוח | B81: =SUM($AA$89:$AA$154) -> 31
B82: הנמוך | C82: הגבוה
A83: ההסבר, מתוך המספרים בלבד | B83: =IF(COUNT($AF$89:$AF$154)=0,MIN($K$89:$K$154),MIN($AF$89:$AF$154)) -> 7941.62 | C83: =IF(COUNT($AF$89:$AF$154)=0,MAX($K$89:$K$154),MAX($AF$89:$AF$154)) -> 8093.93
A84: =IF(ISNUMBER($B$63),"נבחר תמהיל "&INDEX($B$89:$B$154,MATCH(1,$AM$89:$AM$154,0))&"% קבועה, "&INDEX($C$89:$C$154,MATCH(1,$AM$89:$AM$154,0))&"% פריים ו־"&INDEX($D$89:$D$154,MATCH(1,$AM$89:$AM$154,0))&"% משתנה. ההחזר הראשון "&TEXT($B$63,"#,##0.00")&" ₪, סך התשלומים "&TEXT($B$64,"#,##0")&" ₪, החשיפה "&TEXT($B$65,"#,##0.00")&" ₪.","אף מועמד לא עבר את כל האילוצים: שנו את הבחירות.") -> נבחר תמהיל 40% קבועה, 0% פריים ו־60% משתנה. ההחזר הראשון 7,941.62 ₪, סך התשלומים 2,858,983 ₪, החשיפה 1,030.73 ₪. | B84: =IF(COUNT($AG$89:$AG$154)=0,MIN($M$89:$M$154),MIN($AG$89:$AG$154)) -> 2858982.8 | C84: =IF(COUNT($AG$89:$AG$154)=0,MAX($M$89:$M$154),MAX($AG$89:$AG$154)) -> 2913813.5
A85: ="נפסלו "&($B$59-$B$60)&" מתוך "&$B$59&" מועמדים. מתוך האפשריים "&$B$61&" יעילים: לא ניתן לשפר בהם מדד בלי לפגוע באחר." -> נפסלו 52 מתוך 66 מועמדים. מתוך האפשריים 6 יעילים: לא ניתן לשפר בהם מדד בלי לפגוע באחר. | B85: =IF(COUNT($AH$89:$AH$154)=0,MIN($O$89:$O$154),MIN($AH$89:$AH$154)) -> 171.79425 | C85: =IF(COUNT($AH$89:$AH$154)=0,MAX($O$89:$O$154),MAX($AH$89:$AH$154)) -> 1112.4824
A86: הניסוח במילים הוא רק ניסוח: כל מספר בו הוא מספר של המנוע. מודל שפה לעולם לא מחשב.
A88: מועמד | B88: קבועה % | C88: פריים % | D88: משתנה % | E88: סכום קבועה | F88: סכום פריים | G88: סכום משתנה | H88: החזר ראשון קבועה | I88: החזר ראשון פריים | J88: החזר ראשון משתנה | K88: ההחזר הראשון | L88: ההחזר לחישוב היחס (בלי עיגול) | M88: סך התשלומים | N88: ההחזר הגבוה בלחץ | O88: חשיפה | P88: חלק משתנה % | Q88: יחס החזר % | R88: סכום המסלולים שווה להלוואה | S88: ההון העצמי קיים | T88: שיעור מימון עד התקרה | U88: יחס החזר עד 50% | V88: לפחות שליש בריבית קבועה | W88: עד 30 שנה | X88: יחס ההחזר עד הקו של הבנק | Y88: שיעור המימון עד הקו של הבנק | Z88: ההחזר עד המרבי שהלקוח קבע | AA88: יחס ההחזר עד יעד הלקוח | AB88: מספר סיבות פסילה | AC88: אפשרי? (1 כן) | AD88: כמה אפשריים שולטים עליו | AE88: יעיל? (1 כן) | AF88: ההחזר הראשון (אפשריים) | AG88: סך התשלומים (אפשריים) | AH88: חשיפה (אפשריים) | AI88: מנורמל: ראשון | AJ88: מנורמל: סך | AK88: מנורמל: חשיפה | AL88: ציון משוקלל | AM88: דירוג בין האפשריים
A89: g0-0-100 | B89: 0 | C89: 0 | D89: 100 | E89: =ROUND($B$47*B89/100,2) -> 0 | F89: =ROUND($B$47*C89/100,2) -> 0 | G89: =ROUND($B$47*D89/100,2) -> 1620000 | H89: =IF(E89>0,ROUND(-PMT($B$52/1200,$B$39,E89),2),0) -> 0 | I89: =IF(F89>0,ROUND(-PMT($B$53/1200,$B$39,F89),2),0) -> 0 | J89: =IF(G89>0,ROUND(-PMT($B$54/1200,$B$39,G89),2),0) -> 7827.81 | K89: =H89+I89+J89 -> 7827.81 | L89: =IF(E89>0,-PMT($B$52/1200,$B$39,E89),0)+IF(F89>0,-PMT($B$53/1200,$B$39,F89),0)+IF(G89>0,-PMT($B$54/1200,$B$39,G89),0) -> 7827.8136 | M89: =L89*$B$39 -> 2818012.9 | N89: =IF(E89>0,-PMT($B$52/1200,$B$39,E89),0)+IF(F89>0,-PMT(($B$53+$B$40)/1200,$B$39-12,F89*((1+$B$53/1200)^$B$39-(1+$B$53/1200)^12)/((1+$B$53/1200)^$B$39-1)),0)+IF(G89>0,-PMT(($B$54+$B$41)/1200,$B$39-$B$42,G89*((1+$B$54/1200)^$B$39-(1+$B$54/1200)^$B$42)/((1+$B$54/1200)^$B$39-1)),0) -> 9545.7018 | O89: =N89-K89 -> 1717.8918 | P89: =C89+D89 -> 100 | Q89: =IF($B$51>0,L89/$B$51*100,1000000) -> 38.65587 | R89: =IF(ABS(E89+F89+G89-$B$47)>0.005,1,0) -> 0 | S89: =IF($B$45>$B$46,1,0) -> 0 | T89: =IF($B$48>$B$34,1,0) -> 0 | U89: =IF(Q89>$B$35,1,0) -> 0 | V89: =IF((F89+G89)*$B$37>$B$47*$B$36,1,0) -> 1 | W89: =IF($B$39>$B$38,1,0) -> 0 | X89: =IF(Q89>$B$55,1,0) -> 0 | Y89: =IF($B$48>$B$56,1,0) -> 0 | Z89: =IF(L89>$B$14,1,0) -> 0 | AA89: =IF(Q89>$B$15,1,0) -> 0 | AB89: =SUM(R89:AA89) -> 1 | AC89: =IF(AB89=0,1,0) -> 0 | AD89: =IF(AC89=1,SUMPRODUCT(($AC$89:$AC$154=1)*($K$89:$K$154<=K89)*($M$89:$M$154<=M89)*($O$89:$O$154<=O89)*((($K$89:$K$154<K89)+($M$89:$M$154<M89)+($O$89:$O$154<O89))>0)),"") | AE89: =IF(AC89=1,IF(AD89=0,1,0),0) -> 0 | AF89: =IF(AC89=1,K89,"") | AG89: =IF(AC89=1,M89,"") | AH89: =IF(AC89=1,O89,"") | AI89: =IF($C$83=$B$83,0,ROUND((K89-$B$83)/($C$83-$B$83),4)) -> -0.7472 | AJ89: =IF($C$84=$B$84,0,ROUND((M89-$B$84)/($C$84-$B$84),4)) -> -0.7472 | AK89: =IF($C$85=$B$85,0,ROUND((O89-$B$85)/($C$85-$B$85),4)) -> 1.6436 | AL89: =ROUND(($B$22*AI89+$B$23*AJ89+$B$24*AK89)/($B$22+$B$23+$B$24),9) -> -0.02996 | AM89: =IF(AC89=1,1+COUNTIFS($AC$89:$AC$154,1,$AL$89:$AL$154,"<"&AL89)+COUNTIFS($AC$88:AC88,1,$AL$88:AL88,AL89),"")
A90: g0-10-90 | B90: 0 | C90: 10 | D90: 90 | E90: =ROUND($B$47*B90/100,2) -> 0 | F90: =ROUND($B$47*C90/100,2) -> 162000 | G90: =ROUND($B$47*D90/100,2) -> 1458000 | H90: =IF(E90>0,ROUND(-PMT($B$52/1200,$B$39,E90),2),0) -> 0 | I90: =IF(F90>0,ROUND(-PMT($B$53/1200,$B$39,F90),2),0) -> 830.48 | J90: =IF(G90>0,ROUND(-PMT($B$54/1200,$B$39,G90),2),0) -> 7045.03 | K90: =H90+I90+J90 -> 7875.51 | L90: =IF(E90>0,-PMT($B$52/1200,$B$39,E90),0)+IF(F90>0,-PMT($B$53/1200,$B$39,F90),0)+IF(G90>0,-PMT($B$54/1200,$B$39,G90),0) -> 7875.5161 | M90: =L90*$B$39 -> 2835185.8 | N90: =IF(E90>0,-PMT($B$52/1200,$B$39,E90),0)+IF(F90>0,-PMT(($B$53+$B$40)/1200,$B$39-12,F90*((1+$B$53/1200)^$B$39-(1+$B$53/1200)^12)/((1+$B$53/1200)^$B$39-1)),0)+IF(G90>0,-PMT(($B$54+$B$41)/1200,$B$39-$B$42,G90*((1+$B$54/1200)^$B$39-(1+$B$54/1200)^$B$42)/((1+$B$54/1200)^$B$39-1)),0) -> 9620.652 | O90: =N90-K90 -> 1745.142 | P90: =C90+D90 -> 100 | Q90: =IF($B$51>0,L90/$B$51*100,1000000) -> 38.891438 | R90: =IF(ABS(E90+F90+G90-$B$47)>0.005,1,0) -> 0 | S90: =IF($B$45>$B$46,1,0) -> 0 | T90: =IF($B$48>$B$34,1,0) -> 0 | U90: =IF(Q90>$B$35,1,0) -> 0 | V90: =IF((F90+G90)*$B$37>$B$47*$B$36,1,0) -> 1 | W90: =IF($B$39>$B$38,1,0) -> 0 | X90: =IF(Q90>$B$55,1,0) -> 0 | Y90: =IF($B$48>$B$56,1,0) -> 0 | Z90: =IF(L90>$B$14,1,0) -> 0 | AA90: =IF(Q90>$B$15,1,0) -> 0 | AB90: =SUM(R90:AA90) -> 1 | AC90: =IF(AB90=0,1,0) -> 0 | AD90: =IF(AC90=1,SUMPRODUCT(($AC$89:$AC$154=1)*($K$89:$K$154<=K90)*($M$89:$M$154<=M90)*($O$89:$O$154<=O90)*((($K$89:$K$154<K90)+($M$89:$M$154<M90)+($O$89:$O$154<O90))>0)),"") | AE90: =IF(AC90=1,IF(AD90=0,1,0),0) -> 0 | AF90: =IF(AC90=1,K90,"") | AG90: =IF(AC90=1,M90,"") | AH90: =IF(AC90=1,O90,"") | AI90: =IF($C$83=$B$83,0,ROUND((K90-$B$83)/($C$83-$B$83),4)) -> -0.434 | AJ90: =IF($C$84=$B$84,0,ROUND((M90-$B$84)/($C$84-$B$84),4)) -> -0.434 | AK90: =IF($C$85=$B$85,0,ROUND((O90-$B$85)/($C$85-$B$85),4)) -> 1.6725 | AL90: =ROUND(($B$22*AI90+$B$23*AJ90+$B$24*AK90)/($B$22+$B$23+$B$24),9) -> 0.19795 | AM90: =IF(AC90=1,1+COUNTIFS($AC$89:$AC$154,1,$AL$89:$AL$154,"<"&AL90)+COUNTIFS($AC$88:AC89,1,$AL$88:AL89,AL90),"")
A91: g0-20-80 | B91: 0 | C91: 20 | D91: 80 | E91: =ROUND($B$47*B91/100,2) -> 0 | F91: =ROUND($B$47*C91/100,2) -> 324000 | G91: =ROUND($B$47*D91/100,2) -> 1296000 | H91: =IF(E91>0,ROUND(-PMT($B$52/1200,$B$39,E91),2),0) -> 0 | I91: =IF(F91>0,ROUND(-PMT($B$53/1200,$B$39,F91),2),0) -> 1660.97 | J91: =IF(G91>0,ROUND(-PMT($B$54/1200,$B$39,G91),2),0) -> 6262.25 | K91: =H91+I91+J91 -> 7923.22 | L91: =IF(E91>0,-PMT($B$52/1200,$B$39,E91),0)+IF(F91>0,-PMT($B$53/1200,$B$39,F91),0)+IF(G91>0,-PMT($B$54/1200,$B$39,G91),0) -> 7923.2186 | M91: =L91*$B$39 -> 2852358.7 | N91: =IF(E91>0,-PMT($B$52/1200,$B$39,E91),0)+IF(F91>0,-PMT(($B$53+$B$40)/1200,$B$39-12,F91*((1+$B$53/1200)^$B$39-(1+$B$53/1200)^12)/((1+$B$53/1200)^$B$39-1)),0)+IF(G91>0,-PMT(($B$54+$B$41)/1200,$B$39-$B$42,G91*((1+$B$54/1200)^$B$39-(1+$B$54/1200)^$B$42)/((1+$B$54/1200)^$B$39-1)),0) -> 9695.6023 | O91: =N91-K91 -> 1772.3823 | P91: =C91+D91 -> 100 | Q91: =IF($B$51>0,L91/$B$51*100,1000000) -> 39.127006 | R91: =IF(ABS(E91+F91+G91-$B$47)>0.005,1,0) -> 0 | S91: =IF($B$45>$B$46,1,0) -> 0 | T91: =IF($B$48>$B$34,1,0) -> 0 | U91: =IF(Q91>$B$35,1,0) -> 0 | V91: =IF((F91+G91)*$B$37>$B$47*$B$36,1,0) -> 1 | W91: =IF($B$39>$B$38,1,0) -> 0 | X91: =IF(Q91>$B$55,1,0) -> 0 | Y91: =IF($B$48>$B$56,1,0) -> 0 | Z91: =IF(L91>$B$14,1,0) -> 0 | AA91: =IF(Q91>$B$15,1,0) -> 0 | AB91: =SUM(R91:AA91) -> 1 | AC91: =IF(AB91=0,1,0) -> 0 | AD91: =IF(AC91=1,SUMPRODUCT(($AC$89:$AC$154=1)*($K$89:$K$154<=K91)*($M$89:$M$154<=M91)*($O$89:$O$154<=O91)*((($K$89:$K$154<K91)+($M$89:$M$154<M91)+($O$89:$O$154<O91))>0)),"") | AE91: =IF(AC91=1,IF(AD91=0,1,0),0) -> 0 | AF91: =IF(AC91=1,K91,"") | AG91: =IF(AC91=1,M91,"") | AH91: =IF(AC91=1,O91,"") | AI91: =IF($C$83=$B$83,0,ROUND((K91-$B$83)/($C$83-$B$83),4)) -> -0.1208 | AJ91: =IF($C$84=$B$84,0,ROUND((M91-$B$84)/($C$84-$B$84),4)) -> -0.1208 | AK91: =IF($C$85=$B$85,0,ROUND((O91-$B$85)/($C$85-$B$85),4)) -> 1.7015 | AL91: =ROUND(($B$22*AI91+$B$23*AJ91+$B$24*AK91)/($B$22+$B$23+$B$24),9) -> 0.42589 | AM91: =IF(AC91=1,1+COUNTIFS($AC$89:$AC$154,1,$AL$89:$AL$154,"<"&AL91)+COUNTIFS($AC$88:AC90,1,$AL$88:AL90,AL91),"")
A92: g0-30-70 | B92: 0 | C92: 30 | D92: 70 | E92: =ROUND($B$47*B92/100,2) -> 0 | F92: =ROUND($B$47*C92/100,2) -> 486000 | G92: =ROUND($B$47*D92/100,2) -> 1134000 | H92: =IF(E92>0,ROUND(-PMT($B$52/1200,$B$39,E92),2),0) -> 0 | I92: =IF(F92>0,ROUND(-PMT($B$53/1200,$B$39,F92),2),0) -> 2491.45 | J92: =IF(G92>0,ROUND(-PMT($B$54/1200,$B$39,G92),2),0) -> 5479.47 | K92: =H92+I92+J92 -> 7970.92 | L92: =IF(E92>0,-PMT($B$52/1200,$B$39,E92),0)+IF(F92>0,-PMT($B$53/1200,$B$39,F92),0)+IF(G92>0,-PMT($B$54/1200,$B$39,G92),0) -> 7970.9212 | M92: =L92*$B$39 -> 2869531.6 | N92: =IF(E92>0,-PMT($B$52/1200,$B$39,E92),0)+IF(F92>0,-PMT(($B$53+$B$40)/1200,$B$39-12,F92*((1+$B$53/1200)^$B$39-(1+$B$53/1200)^12)/((1+$B$53/1200)^$B$39-1)),0)+IF(G92>0,-PMT(($B$54+$B$41)/1200,$B$39-$B$42,G92*((1+$B$54/1200)^$B$39-(1+$B$54/1200)^$B$42)/((1+$B$54/1200)^$B$39-1)),0) -> 9770.5525 | O92: =N92-K92 -> 1799.6325 | P92: =C92+D92 -> 100 | Q92: =IF($B$51>0,L92/$B$51*100,1000000) -> 39.362574 | R92: =IF(ABS(E92+F92+G92-$B$47)>0.005,1,0) -> 0 | S92: =IF($B$45>$B$46,1,0) -> 0 | T92: =IF($B$48>$B$34,1,0) -> 0 | U92: =IF(Q92>$B$35,1,0) -> 0 | V92: =IF((F92+G92)*$B$37>$B$47*$B$36,1,0) -> 1 | W92: =IF($B$39>$B$38,1,0) -> 0 | X92: =IF(Q92>$B$55,1,0) -> 0 | Y92: =IF($B$48>$B$56,1,0) -> 0 | Z92: =IF(L92>$B$14,1,0) -> 0 | AA92: =IF(Q92>$B$15,1,0) -> 0 | AB92: =SUM(R92:AA92) -> 1 | AC92: =IF(AB92=0,1,0) -> 0 | AD92: =IF(AC92=1,SUMPRODUCT(($AC$89:$AC$154=1)*($K$89:$K$154<=K92)*($M$89:$M$154<=M92)*($O$89:$O$154<=O92)*((($K$89:$K$154<K92)+($M$89:$M$154<M92)+($O$89:$O$154<O92))>0)),"") | AE92: =IF(AC92=1,IF(AD92=0,1,0),0) -> 0 | AF92: =IF(AC92=1,K92,"") | AG92: =IF(AC92=1,M92,"") | AH92: =IF(AC92=1,O92,"") | AI92: =IF($C$83=$B$83,0,ROUND((K92-$B$83)/($C$83-$B$83),4)) -> 0.1924 | AJ92: =IF($C$84=$B$84,0,ROUND((M92-$B$84)/($C$84-$B$84),4)) -> 0.1924 | AK92: =IF($C$85=$B$85,0,ROUND((O92-$B$85)/($C$85-$B$85),4)) -> 1.7305 | AL92: =ROUND(($B$22*AI92+$B$23*AJ92+$B$24*AK92)/($B$22+$B$23+$B$24),9) -> 0.65383 | AM92: =IF(AC92=1,1+COUNTIFS($AC$89:$AC$154,1,$AL$89:$AL$154,"<"&AL92)+COUNTIFS($AC$88:AC91,1,$AL$88:AL91,AL92),"")
A93: g0-40-60 | B93: 0 | C93: 40 | D93: 60 | E93: =ROUND($B$47*B93/100,2) -> 0 | F93: =ROUND($B$47*C93/100,2) -> 648000 | G93: =ROUND($B$47*D93/100,2) -> 972000 | H93: =IF(E93>0,ROUND(-PMT($B$52/1200,$B$39,E93),2),0) -> 0 | I93: =IF(F93>0,ROUND(-PMT($B$53/1200,$B$39,F93),2),0) -> 3321.94 | J93: =IF(G93>0,ROUND(-PMT($B$54/1200,$B$39,G93),2),0) -> 4696.69 | K93: =H93+I93+J93 -> 8018.63 | L93: =IF(E93>0,-PMT($B$52/1200,$B$39,E93),0)+IF(F93>0,-PMT($B$53/1200,$B$39,F93),0)+IF(G93>0,-PMT($B$54/1200,$B$39,G93),0) -> 8018.6237 | M93: =L93*$B$39 -> 2886704.5 | N93: =IF(E93>0,-PMT($B$52/1200,$B$39,E93),0)+IF(F93>0,-PMT(($B$53+$B$40)/1200,$B$39-12,F93*((1+$B$53/1200)^$B$39-(1+$B$53/1200)^12)/((1+$B$53/1200)^$B$39-1)),0)+IF(G93>0,-PMT(($B$54+$B$41)/1200,$B$39-$B$42,G93*((1+$B$54/1200)^$B$39-(1+$B$54/1200)^$B$42)/((1+$B$54/1200)^$B$39-1)),0) -> 9845.5027 | O93: =N93-K93 -> 1826.8727 | P93: =C93+D93 -> 100 | Q93: =IF($B$51>0,L93/$B$51*100,1000000) -> 39.598142 | R93: =IF(ABS(E93+F93+G93-$B$47)>0.005,1,0) -> 0 | S93: =IF($B$45>$B$46,1,0) -> 0 | T93: =IF($B$48>$B$34,1,0) -> 0 | U93: =IF(Q93>$B$35,1,0) -> 0 | V93: =IF((F93+G93)*$B$37>$B$47*$B$36,1,0) -> 1 | W93: =IF($B$39>$B$38,1,0) -> 0 | X93: =IF(Q93>$B$55,1,0) -> 0 | Y93: =IF($B$48>$B$56,1,0) -> 0 | Z93: =IF(L93>$B$14,1,0) -> 0 | AA93: =IF(Q93>$B$15,1,0) -> 0 | AB93: =SUM(R93:AA93) -> 1 | AC93: =IF(AB93=0,1,0) -> 0 | AD93: =IF(AC93=1,SUMPRODUCT(($AC$89:$AC$154=1)*($K$89:$K$154<=K93)*($M$89:$M$154<=M93)*($O$89:$O$154<=O93)*((($K$89:$K$154<K93)+($M$89:$M$154<M93)+($O$89:$O$154<O93))>0)),"") | AE93: =IF(AC93=1,IF(AD93=0,1,0),0) -> 0 | AF93: =IF(AC93=1,K93,"") | AG93: =IF(AC93=1,M93,"") | AH93: =IF(AC93=1,O93,"") | AI93: =IF($C$83=$B$83,0,ROUND((K93-$B$83)/($C$83-$B$83),4)) -> 0.5056 | AJ93: =IF($C$84=$B$84,0,ROUND((M93-$B$84)/($C$84-$B$84),4)) -> 0.5056 | AK93: =IF($C$85=$B$85,0,ROUND((O93-$B$85)/($C$85-$B$85),4)) -> 1.7594 | AL93: =ROUND(($B$22*AI93+$B$23*AJ93+$B$24*AK93)/($B$22+$B$23+$B$24),9) -> 0.88174 | AM93: =IF(AC93=1,1+COUNTIFS($AC$89:$AC$154,1,$AL$89:$AL$154,"<"&AL93)+COUNTIFS($AC$88:AC92,1,$AL$88:AL92,AL93),"")
A94: g0-50-50 | B94: 0 | C94: 50 | D94: 50 | E94: =ROUND($B$47*B94/100,2) -> 0 | F94: =ROUND($B$47*C94/100,2) -> 810000 | G94: =ROUND($B$47*D94/100,2) -> 810000 | H94: =IF(E94>0,ROUND(-PMT($B$52/1200,$B$39,E94),2),0) -> 0 | I94: =IF(F94>0,ROUND(-PMT($B$53/1200,$B$39,F94),2),0) -> 4152.42 | J94: =IF(G94>0,ROUND(-PMT($B$54/1200,$B$39,G94),2),0) -> 3913.91 | K94: =H94+I94+J94 -> 8066.33 | L94: =IF(E94>0,-PMT($B$52/1200,$B$39,E94),0)+IF(F94>0,-PMT($B$53/1200,$B$39,F94),0)+IF(G94>0,-PMT($B$54/1200,$B$39,G94),0) -> 8066.3262 | M94: =L94*$B$39 -> 2903877.4 | N94: =IF(E94>0,-PMT($B$52/1200,$B$39,E94),0)+IF(F94>0,-PMT(($B$53+$B$40)/1200,$B$39-12,F94*((1+$B$53/1200)^$B$39-(1+$B$53/1200)^12)/((1+$B$53/1200)^$B$39-1)),0)+IF(G94>0,-PMT(($B$54+$B$41)/1200,$B$39-$B$42,G94*((1+$B$54/1200)^$B$39-(1+$B$54/1200)^$B$42)/((1+$B$54/1200)^$B$39-1)),0) -> 9920.4529 | O94: =N94-K94 -> 1854.1229 | P94: =C94+D94 -> 100 | Q94: =IF($B$51>0,L94/$B$51*100,1000000) -> 39.83371 | R94: =IF(ABS(E94+F94+G94-$B$47)>0.005,1,0) -> 0 | S94: =IF($B$45>$B$46,1,0) -> 0 | T94: =IF($B$48>$B$34,1,0) -> 0 | U94: =IF(Q94>$B$35,1,0) -> 0 | V94: =IF((F94+G94)*$B$37>$B$47*$B$36,1,0) -> 1 | W94: =IF($B$39>$B$38,1,0) -> 0 | X94: =IF(Q94>$B$55,1,0) -> 0 | Y94: =IF($B$48>$B$56,1,0) -> 0 | Z94: =IF(L94>$B$14,1,0) -> 0 | AA94: =IF(Q94>$B$15,1,0) -> 0 | AB94: =SUM(R94:AA94) -> 1 | AC94: =IF(AB94=0,1,0) -> 0 | AD94: =IF(AC94=1,SUMPRODUCT(($AC$89:$AC$154=1)*($K$89:$K$154<=K94)*($M$89:$M$154<=M94)*($O$89:$O$154<=O94)*((($K$89:$K$154<K94)+($M$89:$M$154<M94)+($O$89:$O$154<O94))>0)),"") | AE94: =IF(AC94=1,IF(AD94=0,1,0),0) -> 0 | AF94: =IF(AC94=1,K94,"") | AG94: =IF(AC94=1,M94,"") | AH94: =IF(AC94=1,O94,"") | AI94: =IF($C$83=$B$83,0,ROUND((K94-$B$83)/($C$83-$B$83),4)) -> 0.8188 | AJ94: =IF($C$84=$B$84,0,ROUND((M94-$B$84)/($C$84-$B$84),4)) -> 0.8188 | AK94: =IF($C$85=$B$85,0,ROUND((O94-$B$85)/($C$85-$B$85),4)) -> 1.7884 | AL94: =ROUND(($B$22*AI94+$B$23*AJ94+$B$24*AK94)/($B$22+$B$23+$B$24),9) -> 1.10968 | AM94: =IF(AC94=1,1+COUNTIFS($AC$89:$AC$154,1,$AL$89:$AL$154,"<"&AL94)+COUNTIFS($AC$88:AC93,1,$AL$88:AL93,AL94),"")
A95: g0-60-40 | B95: 0 | C95: 60 | D95: 40 | E95: =ROUND($B$47*B95/100,2) -> 0 | F95: =ROUND($B$47*C95/100,2) -> 972000 | G95: =ROUND($B$47*D95/100,2) -> 648000 | H95: =IF(E95>0,ROUND(-PMT($B$52/1200,$B$39,E95),2),0) -> 0 | I95: =IF(F95>0,ROUND(-PMT($B$53/1200,$B$39,F95),2),0) -> 4982.9 | J95: =IF(G95>0,ROUND(-PMT($B$54/1200,$B$39,G95),2),0) -> 3131.13 | K95: =H95+I95+J95 -> 8114.03 | L95: =IF(E95>0,-PMT($B$52/1200,$B$39,E95),0)+IF(F95>0,-PMT($B$53/1200,$B$39,F95),0)+IF(G95>0,-PMT($B$54/1200,$B$39,G95),0) -> 8114.0287 | M95: =L95*$B$39 -> 2921050.3 | N95: =IF(E95>0,-PMT($B$52/1200,$B$39,E95),0)+IF(F95>0,-PMT(($B$53+$B$40)/1200,$B$39-12,F95*((1+$B$53/1200)^$B$39-(1+$B$53/1200)^12)/((1+$B$53/1200)^$B$39-1)),0)+IF(G95>0,-PMT(($B$54+$B$41)/1200,$B$39-$B$42,G95*((1+$B$54/1200)^$B$39-(1+$B$54/1200)^$B$42)/((1+$B$54/1200)^$B$39-1)),0) -> 9995.4031 | O95: =N95-K95 -> 1881.3731 | P95: =C95+D95 -> 100 | Q95: =IF($B$51>0,L95/$B$51*100,1000000) -> 40.069278 | R95: =IF(ABS(E95+F95+G95-$B$47)>0.005,1,0) -> 0 | S95: =IF($B$45>$B$46,1,0) -> 0 | T95: =IF($B$48>$B$34,1,0) -> 0 | U95: =IF(Q95>$B$35,1,0) -> 0 | V95: =IF((F95+G95)*$B$37>$B$47*$B$36,1,0) -> 1 | W95: =IF($B$39>$B$38,1,0) -> 0 | X95: =IF(Q95>$B$55,1,0) -> 0 | Y95: =IF($B$48>$B$56,1,0) -> 0 | Z95: =IF(L95>$B$14,1,0) -> 0 | AA95: =IF(Q95>$B$15,1,0) -> 1 | AB95: =SUM(R95:AA95) -> 2 | AC95: =IF(AB95=0,1,0) -> 0 | AD95: =IF(AC95=1,SUMPRODUCT(($AC$89:$AC$154=1)*($K$89:$K$154<=K95)*($M$89:$M$154<=M95)*($O$89:$O$154<=O95)*((($K$89:$K$154<K95)+($M$89:$M$154<M95)+($O$89:$O$154<O95))>0)),"") | AE95: =IF(AC95=1,IF(AD95=0,1,0),0) -> 0 | AF95: =IF(AC95=1,K95,"") | AG95: =IF(AC95=1,M95,"") | AH95: =IF(AC95=1,O95,"") | AI95: =IF($C$83=$B$83,0,ROUND((K95-$B$83)/($C$83-$B$83),4)) -> 1.132 | AJ95: =IF($C$84=$B$84,0,ROUND((M95-$B$84)/($C$84-$B$84),4)) -> 1.132 | AK95: =IF($C$85=$B$85,0,ROUND((O95-$B$85)/($C$85-$B$85),4)) -> 1.8174 | AL95: =ROUND(($B$22*AI95+$B$23*AJ95+$B$24*AK95)/($B$22+$B$23+$B$24),9) -> 1.33762 | AM95: =IF(AC95=1,1+COUNTIFS($AC$89:$AC$154,1,$AL$89:$AL$154,"<"&AL95)+COUNTIFS($AC$88:AC94,1,$AL$88:AL94,AL95),"")
A96: g0-70-30 | B96: 0 | C96: 70 | D96: 30 | E96: =ROUND($B$47*B96/100,2) -> 0 | F96: =ROUND($B$47*C96/100,2) -> 1134000 | G96: =ROUND($B$47*D96/100,2) -> 486000 | H96: =IF(E96>0,ROUND(-PMT($B$52/1200,$B$39,E96),2),0) -> 0 | I96: =IF(F96>0,ROUND(-PMT($B$53/1200,$B$39,F96),2),0) -> 5813.39 | J96: =IF(G96>0,ROUND(-PMT($B$54/1200,$B$39,G96),2),0) -> 2348.34 | K96: =H96+I96+J96 -> 8161.73 | L96: =IF(E96>0,-PMT($B$52/1200,$B$39,E96),0)+IF(F96>0,-PMT($B$53/1200,$B$39,F96),0)+IF(G96>0,-PMT($B$54/1200,$B$39,G96),0) -> 8161.7312 | M96: =L96*$B$39 -> 2938223.2 | N96: =IF(E96>0,-PMT($B$52/1200,$B$39,E96),0)+IF(F96>0,-PMT(($B$53+$B$40)/1200,$B$39-12,F96*((1+$B$53/1200)^$B$39-(1+$B$53/1200)^12)/((1+$B$53/1200)^$B$39-1)),0)+IF(G96>0,-PMT(($B$54+$B$41)/1200,$B$39-$B$42,G96*((1+$B$54/1200)^$B$39-(1+$B$54/1200)^$B$42)/((1+$B$54/1200)^$B$39-1)),0) -> 10070.353 | O96: =N96-K96 -> 1908.6233 | P96: =C96+D96 -> 100 | Q96: =IF($B$51>0,L96/$B$51*100,1000000) -> 40.304846 | R96: =IF(ABS(E96+F96+G96-$B$47)>0.005,1,0) -> 0 | S96: =IF($B$45>$B$46,1,0) -> 0 | T96: =IF($B$48>$B$34,1,0) -> 0 | U96: =IF(Q96>$B$35,1,0) -> 0 | V96: =IF((F96+G96)*$B$37>$B$47*$B$36,1,0) -> 1 | W96: =IF($B$39>$B$38,1,0) -> 0 | X96: =IF(Q96>$B$55,1,0) -> 0 | Y96: =IF($B$48>$B$56,1,0) -> 0 | Z96: =IF(L96>$B$14,1,0) -> 0 | AA96: =IF(Q96>$B$15,1,0) -> 1 | AB96: =SUM(R96:AA96) -> 2 | AC96: =IF(AB96=0,1,0) -> 0 | AD96: =IF(AC96=1,SUMPRODUCT(($AC$89:$AC$154=1)*($K$89:$K$154<=K96)*($M$89:$M$154<=M96)*($O$89:$O$154<=O96)*((($K$89:$K$154<K96)+($M$89:$M$154<M96)+($O$89:$O$154<O96))>0)),"") | AE96: =IF(AC96=1,IF(AD96=0,1,0),0) -> 0 | AF96: =IF(AC96=1,K96,"") | AG96: =IF(AC96=1,M96,"") | AH96: =IF(AC96=1,O96,"") | AI96: =IF($C$83=$B$83,0,ROUND((K96-$B$83)/($C$83-$B$83),4)) -> 1.4451 | AJ96: =IF($C$84=$B$84,0,ROUND((M96-$B$84)/($C$84-$B$84),4)) -> 1.4452 | AK96: =IF($C$85=$B$85,0,ROUND((O96-$B$85)/($C$85-$B$85),4)) -> 1.8463 | AL96: =ROUND(($B$22*AI96+$B$23*AJ96+$B$24*AK96)/($B$22+$B$23+$B$24),9) -> 1.56549 | AM96: =IF(AC96=1,1+COUNTIFS($AC$89:$AC$154,1,$AL$89:$AL$154,"<"&AL96)+COUNTIFS($AC$88:AC95,1,$AL$88:AL95,AL96),"")
A97: g0-80-20 | B97: 0 | C97: 80 | D97: 20 | E97: =ROUND($B$47*B97/100,2) -> 0 | F97: =ROUND($B$47*C97/100,2) -> 1296000 | G97: =ROUND($B$47*D97/100,2) -> 324000 | H97: =IF(E97>0,ROUND(-PMT($B$52/1200,$B$39,E97),2),0) -> 0 | I97: =IF(F97>0,ROUND(-PMT($B$53/1200,$B$39,F97),2),0) -> 6643.87 | J97: =IF(G97>0,ROUND(-PMT($B$54/1200,$B$39,G97),2),0) -> 1565.56 | K97: =H97+I97+J97 -> 8209.43 | L97: =IF(E97>0,-PMT($B$52/1200,$B$39,E97),0)+IF(F97>0,-PMT($B$53/1200,$B$39,F97),0)+IF(G97>0,-PMT($B$54/1200,$B$39,G97),0) -> 8209.4337 | M97: =L97*$B$39 -> 2955396.1 | N97: =IF(E97>0,-PMT($B$52/1200,$B$39,E97),0)+IF(F97>0,-PMT(($B$53+$B$40)/1200,$B$39-12,F97*((1+$B$53/1200)^$B$39-(1+$B$53/1200)^12)/((1+$B$53/1200)^$B$39-1)),0)+IF(G97>0,-PMT(($B$54+$B$41)/1200,$B$39-$B$42,G97*((1+$B$54/1200)^$B$39-(1+$B$54/1200)^$B$42)/((1+$B$54/1200)^$B$39-1)),0) -> 10145.304 | O97: =N97-K97 -> 1935.8736 | P97: =C97+D97 -> 100 | Q97: =IF($B$51>0,L97/$B$51*100,1000000) -> 40.540414 | R97: =IF(ABS(E97+F97+G97-$B$47)>0.005,1,0) -> 0 | S97: =IF($B$45>$B$46,1,0) -> 0 | T97: =IF($B$48>$B$34,1,0) -> 0 | U97: =IF(Q97>$B$35,1,0) -> 0 | V97: =IF((F97+G97)*$B$37>$B$47*$B$36,1,0) -> 1 | W97: =IF($B$39>$B$38,1,0) -> 0 | X97: =IF(Q97>$B$55,1,0) -> 0 | Y97: =IF($B$48>$B$56,1,0) -> 0 | Z97: =IF(L97>$B$14,1,0) -> 0 | AA97: =IF(Q97>$B$15,1,0) -> 1 | AB97: =SUM(R97:AA97) -> 2 | AC97: =IF(AB97=0,1,0) -> 0 | AD97: =IF(AC97=1,SUMPRODUCT(($AC$89:$AC$154=1)*($K$89:$K$154<=K97)*($M$89:$M$154<=M97)*($O$89:$O$154<=O97)*((($K$89:$K$154<K97)+($M$89:$M$154<M97)+($O$89:$O$154<O97))>0)),"") | AE97: =IF(AC97=1,IF(AD97=0,1,0),0) -> 0 | AF97: =IF(AC97=1,K97,"") | AG97: =IF(AC97=1,M97,"") | AH97: =IF(AC97=1,O97,"") | AI97: =IF($C$83=$B$83,0,ROUND((K97-$B$83)/($C$83-$B$83),4)) -> 1.7583 | AJ97: =IF($C$84=$B$84,0,ROUND((M97-$B$84)/($C$84-$B$84),4)) -> 1.7584 | AK97: =IF($C$85=$B$85,0,ROUND((O97-$B$85)/($C$85-$B$85),4)) -> 1.8753 | AL97: =ROUND(($B$22*AI97+$B$23*AJ97+$B$24*AK97)/($B$22+$B$23+$B$24),9) -> 1.79343 | AM97: =IF(AC97=1,1+COUNTIFS($AC$89:$AC$154,1,$AL$89:$AL$154,"<"&AL97)+COUNTIFS($AC$88:AC96,1,$AL$88:AL96,AL97),"")
A98: g0-90-10 | B98: 0 | C98: 90 | D98: 10 | E98: =ROUND($B$47*B98/100,2) -> 0 | F98: =ROUND($B$47*C98/100,2) -> 1458000 | G98: =ROUND($B$47*D98/100,2) -> 162000 | H98: =IF(E98>0,ROUND(-PMT($B$52/1200,$B$39,E98),2),0) -> 0 | I98: =IF(F98>0,ROUND(-PMT($B$53/1200,$B$39,F98),2),0) -> 7474.35 | J98: =IF(G98>0,ROUND(-PMT($B$54/1200,$B$39,G98),2),0) -> 782.78 | K98: =H98+I98+J98 -> 8257.13 | L98: =IF(E98>0,-PMT($B$52/1200,$B$39,E98),0)+IF(F98>0,-PMT($B$53/1200,$B$39,F98),0)+IF(G98>0,-PMT($B$54/1200,$B$39,G98),0) -> 8257.1362 | M98: =L98*$B$39 -> 2972569 | N98: =IF(E98>0,-PMT($B$52/1200,$B$39,E98),0)+IF(F98>0,-PMT(($B$53+$B$40)/1200,$B$39-12,F98*((1+$B$53/1200)^$B$39-(1+$B$53/1200)^12)/((1+$B$53/1200)^$B$39-1)),0)+IF(G98>0,-PMT(($B$54+$B$41)/1200,$B$39-$B$42,G98*((1+$B$54/1200)^$B$39-(1+$B$54/1200)^$B$42)/((1+$B$54/1200)^$B$39-1)),0) -> 10220.254 | O98: =N98-K98 -> 1963.1238 | P98: =C98+D98 -> 100 | Q98: =IF($B$51>0,L98/$B$51*100,1000000) -> 40.775981 | R98: =IF(ABS(E98+F98+G98-$B$47)>0.005,1,0) -> 0 | S98: =IF($B$45>$B$46,1,0) -> 0 | T98: =IF($B$48>$B$34,1,0) -> 0 | U98: =IF(Q98>$B$35,1,0) -> 0 | V98: =IF((F98+G98)*$B$37>$B$47*$B$36,1,0) -> 1 | W98: =IF($B$39>$B$38,1,0) -> 0 | X98: =IF(Q98>$B$55,1,0) -> 0 | Y98: =IF($B$48>$B$56,1,0) -> 0 | Z98: =IF(L98>$B$14,1,0) -> 0 | AA98: =IF(Q98>$B$15,1,0) -> 1 | AB98: =SUM(R98:AA98) -> 2 | AC98: =IF(AB98=0,1,0) -> 0 | AD98: =IF(AC98=1,SUMPRODUCT(($AC$89:$AC$154=1)*($K$89:$K$154<=K98)*($M$89:$M$154<=M98)*($O$89:$O$154<=O98)*((($K$89:$K$154<K98)+($M$89:$M$154<M98)+($O$89:$O$154<O98))>0)),"") | AE98: =IF(AC98=1,IF(AD98=0,1,0),0) -> 0 | AF98: =IF(AC98=1,K98,"") | AG98: =IF(AC98=1,M98,"") | AH98: =IF(AC98=1,O98,"") | AI98: =IF($C$83=$B$83,0,ROUND((K98-$B$83)/($C$83-$B$83),4)) -> 2.0715 | AJ98: =IF($C$84=$B$84,0,ROUND((M98-$B$84)/($C$84-$B$84),4)) -> 2.0716 | AK98: =IF($C$85=$B$85,0,ROUND((O98-$B$85)/($C$85-$B$85),4)) -> 1.9043 | AL98: =ROUND(($B$22*AI98+$B$23*AJ98+$B$24*AK98)/($B$22+$B$23+$B$24),9) -> 2.02137 | AM98: =IF(AC98=1,1+COUNTIFS($AC$89:$AC$154,1,$AL$89:$AL$154,"<"&AL98)+COUNTIFS($AC$88:AC97,1,$AL$88:AL97,AL98),"")
A99: g0-100-0 | B99: 0 | C99: 100 | D99: 0 | E99: =ROUND($B$47*B99/100,2) -> 0 | F99: =ROUND($B$47*C99/100,2) -> 1620000 | G99: =ROUND($B$47*D99/100,2) -> 0 | H99: =IF(E99>0,ROUND(-PMT($B$52/1200,$B$39,E99),2),0) -> 0 | I99: =IF(F99>0,ROUND(-PMT($B$53/1200,$B$39,F99),2),0) -> 8304.84 | J99: =IF(G99>0,ROUND(-PMT($B$54/1200,$B$39,G99),2),0) -> 0 | K99: =H99+I99+J99 -> 8304.84 | L99: =IF(E99>0,-PMT($B$52/1200,$B$39,E99),0)+IF(F99>0,-PMT($B$53/1200,$B$39,F99),0)+IF(G99>0,-PMT($B$54/1200,$B$39,G99),0) -> 8304.8388 | M99: =L99*$B$39 -> 2989742 | N99: =IF(E99>0,-PMT($B$52/1200,$B$39,E99),0)+IF(F99>0,-PMT(($B$53+$B$40)/1200,$B$39-12,F99*((1+$B$53/1200)^$B$39-(1+$B$53/1200)^12)/((1+$B$53/1200)^$B$39-1)),0)+IF(G99>0,-PMT(($B$54+$B$41)/1200,$B$39-$B$42,G99*((1+$B$54/1200)^$B$39-(1+$B$54/1200)^$B$42)/((1+$B$54/1200)^$B$39-1)),0) -> 10295.204 | O99: =N99-K99 -> 1990.364 | P99: =C99+D99 -> 100 | Q99: =IF($B$51>0,L99/$B$51*100,1000000) -> 41.011549 | R99: =IF(ABS(E99+F99+G99-$B$47)>0.005,1,0) -> 0 | S99: =IF($B$45>$B$46,1,0) -> 0 | T99: =IF($B$48>$B$34,1,0) -> 0 | U99: =IF(Q99>$B$35,1,0) -> 0 | V99: =IF((F99+G99)*$B$37>$B$47*$B$36,1,0) -> 1 | W99: =IF($B$39>$B$38,1,0) -> 0 | X99: =IF(Q99>$B$55,1,0) -> 0 | Y99: =IF($B$48>$B$56,1,0) -> 0 | Z99: =IF(L99>$B$14,1,0) -> 1 | AA99: =IF(Q99>$B$15,1,0) -> 1 | AB99: =SUM(R99:AA99) -> 3 | AC99: =IF(AB99=0,1,0) -> 0 | AD99: =IF(AC99=1,SUMPRODUCT(($AC$89:$AC$154=1)*($K$89:$K$154<=K99)*($M$89:$M$154<=M99)*($O$89:$O$154<=O99)*((($K$89:$K$154<K99)+($M$89:$M$154<M99)+($O$89:$O$154<O99))>0)),"") | AE99: =IF(AC99=1,IF(AD99=0,1,0),0) -> 0 | AF99: =IF(AC99=1,K99,"") | AG99: =IF(AC99=1,M99,"") | AH99: =IF(AC99=1,O99,"") | AI99: =IF($C$83=$B$83,0,ROUND((K99-$B$83)/($C$83-$B$83),4)) -> 2.3847 | AJ99: =IF($C$84=$B$84,0,ROUND((M99-$B$84)/($C$84-$B$84),4)) -> 2.3848 | AK99: =IF($C$85=$B$85,0,ROUND((O99-$B$85)/($C$85-$B$85),4)) -> 1.9332 | AL99: =ROUND(($B$22*AI99+$B$23*AJ99+$B$24*AK99)/($B$22+$B$23+$B$24),9) -> 2.24928 | AM99: =IF(AC99=1,1+COUNTIFS($AC$89:$AC$154,1,$AL$89:$AL$154,"<"&AL99)+COUNTIFS($AC$88:AC98,1,$AL$88:AL98,AL99),"")
A100: g10-0-90 | B100: 10 | C100: 0 | D100: 90 | E100: =ROUND($B$47*B100/100,2) -> 162000 | F100: =ROUND($B$47*C100/100,2) -> 0 | G100: =ROUND($B$47*D100/100,2) -> 1458000 | H100: =IF(E100>0,ROUND(-PMT($B$52/1200,$B$39,E100),2),0) -> 811.23 | I100: =IF(F100>0,ROUND(-PMT($B$53/1200,$B$39,F100),2),0) -> 0 | J100: =IF(G100>0,ROUND(-PMT($B$54/1200,$B$39,G100),2),0) -> 7045.03 | K100: =H100+I100+J100 -> 7856.26 | L100: =IF(E100>0,-PMT($B$52/1200,$B$39,E100),0)+IF(F100>0,-PMT($B$53/1200,$B$39,F100),0)+IF(G100>0,-PMT($B$54/1200,$B$39,G100),0) -> 7856.2649 | M100: =L100*$B$39 -> 2828255.4 | N100: =IF(E100>0,-PMT($B$52/1200,$B$39,E100),0)+IF(F100>0,-PMT(($B$53+$B$40)/1200,$B$39-12,F100*((1+$B$53/1200)^$B$39-(1+$B$53/1200)^12)/((1+$B$53/1200)^$B$39-1)),0)+IF(G100>0,-PMT(($B$54+$B$41)/1200,$B$39-$B$42,G100*((1+$B$54/1200)^$B$39-(1+$B$54/1200)^$B$42)/((1+$B$54/1200)^$B$39-1)),0) -> 9402.3643 | O100: =N100-K100 -> 1546.1043 | P100: =C100+D100 -> 90 | Q100: =IF($B$51>0,L100/$B$51*100,1000000) -> 38.79637 | R100: =IF(ABS(E100+F100+G100-$B$47)>0.005,1,0) -> 0 | S100: =IF($B$45>$B$46,1,0) -> 0 | T100: =IF($B$48>$B$34,1,0) -> 0 | U100: =IF(Q100>$B$35,1,0) -> 0 | V100: =IF((F100+G100)*$B$37>$B$47*$B$36,1,0) -> 1 | W100: =IF($B$39>$B$38,1,0) -> 0 | X100: =IF(Q100>$B$55,1,0) -> 0 | Y100: =IF($B$48>$B$56,1,0) -> 0 | Z100: =IF(L100>$B$14,1,0) -> 0 | AA100: =IF(Q100>$B$15,1,0) -> 0 | AB100: =SUM(R100:AA100) -> 1 | AC100: =IF(AB100=0,1,0) -> 0 | AD100: =IF(AC100=1,SUMPRODUCT(($AC$89:$AC$154=1)*($K$89:$K$154<=K100)*($M$89:$M$154<=M100)*($O$89:$O$154<=O100)*((($K$89:$K$154<K100)+($M$89:$M$154<M100)+($O$89:$O$154<O100))>0)),"") | AE100: =IF(AC100=1,IF(AD100=0,1,0),0) -> 0 | AF100: =IF(AC100=1,K100,"") | AG100: =IF(AC100=1,M100,"") | AH100: =IF(AC100=1,O100,"") | AI100: =IF($C$83=$B$83,0,ROUND((K100-$B$83)/($C$83-$B$83),4)) -> -0.5604 | AJ100: =IF($C$84=$B$84,0,ROUND((M100-$B$84)/($C$84-$B$84),4)) -> -0.5604 | AK100: =IF($C$85=$B$85,0,ROUND((O100-$B$85)/($C$85-$B$85),4)) -> 1.461 | AL100: =ROUND(($B$22*AI100+$B$23*AJ100+$B$24*AK100)/($B$22+$B$23+$B$24),9) -> 0.04602 | AM100: =IF(AC100=1,1+COUNTIFS($AC$89:$AC$154,1,$AL$89:$AL$154,"<"&AL100)+COUNTIFS($AC$88:AC99,1,$AL$88:AL99,AL100),"")
... A154: g100-0-0 | B154: 100 | C154: 0 | D154: 0 | E154: =ROUND($B$47*B154/100,2) -> 1620000 | F154: =ROUND($B$47*C154/100,2) -> 0 | G154: =ROUND($B$47*D154/100,2) -> 0 | H154: =IF(E154>0,ROUND(-PMT($B$52/1200,$B$39,E154),2),0) -> 8112.33 | I154: =IF(F154>0,ROUND(-PMT($B$53/1200,$B$39,F154),2),0) -> 0 | J154: =IF(G154>0,ROUND(-PMT($B$54/1200,$B$39,G154),2),0) -> 0 | K154: =H154+I154+J154 -> 8112.33 | L154: =IF(E154>0,-PMT($B$52/1200,$B$39,E154),0)+IF(F154>0,-PMT($B$53/1200,$B$39,F154),0)+IF(G154>0,-PMT($B$54/1200,$B$39,G154),0) -> 8112.3267 | M154: =L154*$B$39 -> 2920437.6 | N154: =IF(E154>0,-PMT($B$52/1200,$B$39,E154),0)+IF(F154>0,-PMT(($B$53+$B$40)/1200,$B$39-12,F154*((1+$B$53/1200)^$B$39-(1+$B$53/1200)^12)/((1+$B$53/1200)^$B$39-1)),0)+IF(G154>0,-PMT(($B$54+$B$41)/1200,$B$39-$B$42,G154*((1+$B$54/1200)^$B$39-(1+$B$54/1200)^$B$42)/((1+$B$54/1200)^$B$39-1)),0) -> 8112.3267 | O154: =N154-K154 -> -0.0032547688 | P154: =C154+D154 -> 0 | Q154: =IF($B$51>0,L154/$B$51*100,1000000) -> 40.060873 | R154: =IF(ABS(E154+F154+G154-$B$47)>0.005,1,0) -> 0 | S154: =IF($B$45>$B$46,1,0) -> 0 | T154: =IF($B$48>$B$34,1,0) -> 0 | U154: =IF(Q154>$B$35,1,0) -> 0 | V154: =IF((F154+G154)*$B$37>$B$47*$B$36,1,0) -> 0 | W154: =IF($B$39>$B$38,1,0) -> 0 | X154: =IF(Q154>$B$55,1,0) -> 0 | Y154: =IF($B$48>$B$56,1,0) -> 0 | Z154: =IF(L154>$B$14,1,0) -> 0 | AA154: =IF(Q154>$B$15,1,0) -> 1 | AB154: =SUM(R154:AA154) -> 1 | AC154: =IF(AB154=0,1,0) -> 0 | AD154: =IF(AC154=1,SUMPRODUCT(($AC$89:$AC$154=1)*($K$89:$K$154<=K154)*($M$89:$M$154<=M154)*($O$89:$O$154<=O154)*((($K$89:$K$154<K154)+($M$89:$M$154<M154)+($O$89:$O$154<O154))>0)),"") | AE154: =IF(AC154=1,IF(AD154=0,1,0),0) -> 0 | AF154: =IF(AC154=1,K154,"") | AG154: =IF(AC154=1,M154,"") | AH154: =IF(AC154=1,O154,"") | AI154: =IF($C$83=$B$83,0,ROUND((K154-$B$83)/($C$83-$B$83),4)) -> 1.1208 | AJ154: =IF($C$84=$B$84,0,ROUND((M154-$B$84)/($C$84-$B$84),4)) -> 1.1208 | AK154: =IF($C$85=$B$85,0,ROUND((O154-$B$85)/($C$85-$B$85),4)) -> -0.1826 | AL154: =ROUND(($B$22*AI154+$B$23*AJ154+$B$24*AK154)/($B$22+$B$23+$B$24),9) -> 0.72978 | AM154: =IF(AC154=1,1+COUNTIFS($AC$89:$AC$154,1,$AL$89:$AL$154,"<"&AL154)+COUNTIFS($AC$88:AC153,1,$AL$88:AL153,AL154),"")

Sheet בדיקה
A1: הגיליון מול המנוע של הקורס, לקלט ההתחלתי
A2: עמודה C היא התוצאה של המנוע של הקורס (מחושבת בקוד, ונבדקת פעמיים). הערכים נכונים רק לקלט ההתחלתי: אם שיניתם בחירה, ההפרשים צפויים.
A4: מה נבדק | B4: הגיליון | C4: המנוע | D4: הפרש | E4: סבילות | F4: תקין?
A5: כמה מועמדים ברשת | B5: ='מנוע'!$B$59 -> 66 | C5: 66 | D5: =IF(ISNUMBER(B5),B5-C5,"") -> 0 | E5: 0 | F5: =IF(ISNUMBER(D5),IF(ABS(D5)<=E5,"✓","✗"),"✗") -> ✓
A6: כמה אפשריים | B6: ='מנוע'!$B$60 -> 14 | C6: 14 | D6: =IF(ISNUMBER(B6),B6-C6,"") -> 0 | E6: 0 | F6: =IF(ISNUMBER(D6),IF(ABS(D6)<=E6,"✓","✗"),"✗") -> ✓
A7: כמה יעילים | B7: ='מנוע'!$B$61 -> 6 | C7: 6 | D7: =IF(ISNUMBER(B7),B7-C7,"") -> 0 | E7: 0 | F7: =IF(ISNUMBER(D7),IF(ABS(D7)<=E7,"✓","✗"),"✗") -> ✓
A8: המועמד שנבחר | B8: ='מנוע'!$B$62 -> g40-0-60 | C8: g40-0-60 | F8: =IF(B8=C8,"✓","✗") -> ✓
A9: ההחזר הראשון של הנבחר | B9: ='מנוע'!$B$63 -> 7941.62 | C9: 7941.62 | D9: =IF(ISNUMBER(B9),B9-C9,"") -> 0 | E9: 0.05 | F9: =IF(ISNUMBER(D9),IF(ABS(D9)<=E9,"✓","✗"),"✗") -> ✓
A10: סך התשלומים של הנבחר | B10: ='מנוע'!$B$64 -> 2858982.8 | C10: 2858982.6 | D10: =IF(ISNUMBER(B10),B10-C10,"") -> 0.18147512 | E10: 6 | F10: =IF(ISNUMBER(D10),IF(ABS(D10)<=E10,"✓","✗"),"✗") -> ✓
A11: החשיפה של הנבחר | B11: ='מנוע'!$B$65 -> 1030.7318 | C11: 1030.73 | D11: =IF(ISNUMBER(B11),B11-C11,"") -> 0.0017917465 | E11: 10 | F11: =IF(ISNUMBER(D11),IF(ABS(D11)<=E11,"✓","✗"),"✗") -> ✓
A12: נפסלו: סכום המסלולים שווה להלוואה | B12: ='מנוע'!$B$72 -> 0 | C12: 0 | D12: =IF(ISNUMBER(B12),B12-C12,"") -> 0 | E12: 0 | F12: =IF(ISNUMBER(D12),IF(ABS(D12)<=E12,"✓","✗"),"✗") -> ✓
A13: נפסלו: ההון העצמי קיים | B13: ='מנוע'!$B$73 -> 0 | C13: 0 | D13: =IF(ISNUMBER(B13),B13-C13,"") -> 0 | E13: 0 | F13: =IF(ISNUMBER(D13),IF(ABS(D13)<=E13,"✓","✗"),"✗") -> ✓
A14: נפסלו: שיעור מימון עד התקרה | B14: ='מנוע'!$B$74 -> 0 | C14: 0 | D14: =IF(ISNUMBER(B14),B14-C14,"") -> 0 | E14: 0 | F14: =IF(ISNUMBER(D14),IF(ABS(D14)<=E14,"✓","✗"),"✗") -> ✓
A15: נפסלו: יחס החזר עד 50% | B15: ='מנוע'!$B$75 -> 0 | C15: 0 | D15: =IF(ISNUMBER(B15),B15-C15,"") -> 0 | E15: 0 | F15: =IF(ISNUMBER(D15),IF(ABS(D15)<=E15,"✓","✗"),"✗") -> ✓
A16: נפסלו: לפחות שליש בריבית קבועה | B16: ='מנוע'!$B$76 -> 38 | C16: 38 | D16: =IF(ISNUMBER(B16),B16-C16,"") -> 0 | E16: 0 | F16: =IF(ISNUMBER(D16),IF(ABS(D16)<=E16,"✓","✗"),"✗") -> ✓
A17: נפסלו: עד 30 שנה | B17: ='מנוע'!$B$77 -> 0 | C17: 0 | D17: =IF(ISNUMBER(B17),B17-C17,"") -> 0 | E17: 0 | F17: =IF(ISNUMBER(D17),IF(ABS(D17)<=E17,"✓","✗"),"✗") -> ✓
A18: נפסלו: יחס ההחזר עד הקו של הבנק | B18: ='מנוע'!$B$78 -> 0 | C18: 0 | D18: =IF(ISNUMBER(B18),B18-C18,"") -> 0 | E18: 0 | F18: =IF(ISNUMBER(D18),IF(ABS(D18)<=E18,"✓","✗"),"✗") -> ✓
A19: נפסלו: שיעור המימון עד הקו של הבנק | B19: ='מנוע'!$B$79 -> 0 | C19: 0 | D19: =IF(ISNUMBER(B19),B19-C19,"") -> 0 | E19: 0 | F19: =IF(ISNUMBER(D19),IF(ABS(D19)<=E19,"✓","✗"),"✗") -> ✓
A20: נפסלו: ההחזר עד המרבי שהלקוח קבע | B20: ='מנוע'!$B$80 -> 1 | C20: 1 | D20: =IF(ISNUMBER(B20),B20-C20,"") -> 0 | E20: 0 | F20: =IF(ISNUMBER(D20),IF(ABS(D20)<=E20,"✓","✗"),"✗") -> ✓
A21: נפסלו: יחס ההחזר עד יעד הלקוח | B21: ='מנוע'!$B$81 -> 31 | C21: 31 | D21: =IF(ISNUMBER(B21),B21-C21,"") -> 0 | E21: 0 | F21: =IF(ISNUMBER(D21),IF(ABS(D21)<=E21,"✓","✗"),"✗") -> ✓
A22: הפער בהחזר הראשון: הצעה מול אומדן | B22: ='מנוע'!$F$15 -> -0.5 | C22: -0.5 | D22: =IF(ISNUMBER(B22),B22-C22,"") -> 1.8189894e-12 | E22: 0.05 | F22: =IF(ISNUMBER(D22),IF(ABS(D22)<=E22,"✓","✗"),"✗") -> ✓
A23: הפער בסך התשלומים: הצעה מול אומדן | B23: ='מנוע'!$F$18 -> -179.03945 | C23: -177.72 | D23: =IF(ISNUMBER(B23),B23-C23,"") -> -1.3194513 | E23: 6 | F23: =IF(ISNUMBER(D23),IF(ABS(D23)<=E23,"✓","✗"),"✗") -> ✓
A25: הגיליון מקרב את המנוע: הוא מחשב החזר מדויק (בלי עיגול כל ריבית חודשית), והמנוע מעגל כל חודש לאגורה. בסך התשלומים הפער עד כמה שקלים. בחשיפה הפער עד כעשרה שקלים, כי במנוע התשלום האחרון סוגר את היתרה, והוא גבוה בכמה שקלים מהתשלום הקבוע. הבחירה של התמהיל לא מושפעת.
A26: =IF(COUNTIF(F5:F23,"✗")=0,"✓ הכול בטווח","✗ יש פערים: בדקו את הנוסחאות או את הקלט") -> ✓ הכול בטווח

Sheet הוראות
A1: איך בונים את המנוע
A2: דוגמה לימודית — נתוני הלקוח והריביות להמחשה בלבד; אינם הצעת בנק או נתוני שוק עדכניים. נתונים סינתטיים. עתיד: זה לא קוד של Mogi.
A3: הגיליון ״מנוע״ מחזיק את התיק, את הבחירות שלכם (תאים ירוקים), את ארבעת הבנקים, את הכללים, ובסוף את הרשת: שורה לכל מועמד, בלי שום מספר שהוקלד ביד בנוסחאות.
A4: הצעדים
A5: 1 — מיצוב: בתאים B18 עד B21 בחרו הון עצמי נוסף, סגירת הלוואת הרכב, הורה ובנק. ההלוואה, שיעור המימון והכנסה הפנויה מתעדכנים (שורות 45 עד 56).
A6: 2 — תזרים: בכל שורה של הרשת, ההחזר הראשון של כל מסלול (עמודות H עד J) הוא ROUND(-PMT(ריבית/1200, חודשים, סכום), 2). סך התשלומים הוא ההחזר הלא־מעוגל כפול החודשים, וההחזר הגבוה בלחץ מחושב מחדש אחרי שהריבית עולה.
A7: 3 — חיפוש: הרשת היא כל התמהילים בצעדים של 10 אחוזים (66). אין להוסיף שורות: מרחב החיפוש הוא מה שנבדק. שורת הרשת הראשונה (89) מלאה בכל העמודות כדוגמה. עמדו על כותרת של עמודה כדי לקרוא מה היא עושה (בכותרות עם הערה), העתיקו את השורה למטה עד שורה 154, ובדקו שהתוצאות בשורות 59 עד 69 התמלאו.
A8: 4 — אילוצים: עשר עמודות (R עד AA) של 1 (נשבר) או 0 (נשמר). מועמד אפשרי כשאין בו אף 1. הסיבות מסוכמות בשורות 72 עד 81.
A9: 5 — חזית יעילה: עמודה AD סופרת כמה מועמדים אפשריים לא גרועים בשום מדד ומשופרים באחד. מועמד אפשרי שאף אחד לא שולט עליו הוא יעיל.
A10: 6 — בחירה: מנרמלים כל מדד בין אפשריים (0 הטוב, 1 הגרוע), ממוצע משוקלל לפי המשקולות בתאים B22 עד B24 (להדגמה). הציון הנמוך מנצח.
A11: 7 — הסבר: בשורות 84 עד 86, הניסוח נבנה ממספרי הגיליון. מודל שפה לעולם לא מחשב.
A12: 8 — בדיקה מול הצעת בנק: בתאים E4 עד F11 יש הצעה לדוגמה של בנק בדוי. האומדן הוא המחירון של הבנק; ההצעה היא מה שהוא כתב. הפער נמדד בהחזר הראשון ובסך התשלומים.
... A18: שינוי בחירה ישנה את התוצאות, וגם את הבדיקה: היא נכונה לקלט ההתחלתי בלבד.
